{
    "remove-empty-rulesets": true,
    "always-semicolon": true,
    "color-case": "upper",
    "block-indent": "\t",
    "color-shorthand": false,
    "element-case": "lower",
    "eof-newline": true,
    "leading-zero": false,
    "quotes": "single",
    "space-before-colon": "",
    "space-after-colon": " ",
    "space-before-combinator": " ",
    "space-after-combinator": " ",
    "space-between-declarations": " ",
    "space-before-opening-brace": "",
	"space-after-opening-brace": "\n",
    "space-after-selector-delimiter": " ",
    "space-before-selector-delimiter": "",
    "space-before-closing-brace": " ",
    "strip-spaces": true,
    "unitless-zero": true
}
